wavenumber_cm-1,absorbance
4000.0,0.00001
3999.0,0.00149
3998.0,0.00000
3997.0,0.00000
3996.0,0.00000
3995.0,0.00000
3994.0,0.00030
3993.0,0.00670
3992.0,0.00000
3991.0,0.00000
3990.0,0.00245
3989.0,0.00178
3988.0,0.00053
3987.0,0.00000
3986.0,0.00000
3985.0,0.00348
3984.0,0.00000
3983.0,0.00000
3982.0,0.00000
3981.0,0.00000
3980.0,0.00000
3979.0,0.00000
3978.0,0.00000
3977.0,0.00136
3976.0,0.00078
3975.0,0.00000
3974.0,0.00000
3973.0,0.00000
3972.0,0.00000
3971.0,0.00057
3970.0,0.00000
3969.0,0.00000
3968.0,0.00000
3967.0,0.00000
3966.0,0.00530
3965.0,0.00000
3964.0,0.00000
3963.0,0.00442
3962.0,0.00000
3961.0,0.00000
3960.0,0.00055
3959.0,0.00032
3958.0,0.00000
3957.0,0.00038
3956.0,0.00679
3955.0,0.00000
3954.0,0.00430
3953.0,0.00060
3952.0,0.00000
3951.0,0.01000
3950.0,0.00381
3949.0,0.00000
3948.0,0.00037
3947.0,0.00288
3946.0,0.00000
3945.0,0.00341
3944.0,0.00000
3943.0,0.00334
3942.0,0.00719
3941.0,0.00000
3940.0,0.00102
3939.0,0.00000
3938.0,0.00064
3937.0,0.00000
3936.0,0.00000
3935.0,0.00000
3934.0,0.00449
3933.0,0.00573
3932.0,0.00000
3931.0,0.00000
3930.0,0.00323
3929.0,0.00000
3928.0,0.00000
3927.0,0.00000
3926.0,0.00629
3925.0,0.00345
3924.0,0.00000
3923.0,0.00000
3922.0,0.00000
3921.0,0.00762
3920.0,0.00000
3919.0,0.00000
3918.0,0.00176
3917.0,0.00000
3916.0,0.00000
3915.0,0.00000
3914.0,0.00000
3913.0,0.00000
3912.0,0.00583
3911.0,0.00327
3910.0,0.00000
3909.0,0.00334
3908.0,0.00000
3907.0,0.00526
3906.0,0.00000
3905.0,0.00292
3904.0,0.00000
3903.0,0.00173
3902.0,0.00000
3901.0,0.00000
3900.0,0.00000
3899.0,0.00000
3898.0,0.00082
3897.0,0.01122
3896.0,0.00000
3895.0,0.00000
3894.0,0.00103
3893.0,0.00247
3892.0,0.00000
3891.0,0.00000
3890.0,0.00351
3889.0,0.00260
3888.0,0.00000
3887.0,0.00000
3886.0,0.00018
3885.0,0.00000
3884.0,0.00130
3883.0,0.00000
3882.0,0.00486
3881.0,0.00096
3880.0,0.00045
3879.0,0.00000
3878.0,0.00000
3877.0,0.00000
3876.0,0.00000
3875.0,0.00181
3874.0,0.00000
3873.0,0.00423
3872.0,0.00000
3871.0,0.00378
3870.0,0.00000
3869.0,0.00390
3868.0,0.00065
3867.0,0.00000
3866.0,0.00625
3865.0,0.00721
3864.0,0.00000
3863.0,0.00000
3862.0,0.00000
3861.0,0.00000
3860.0,0.00549
3859.0,0.00000
3858.0,0.00000
3857.0,0.00000
3856.0,0.00000
3855.0,0.00000
3854.0,0.00629
3853.0,0.00000
3852.0,0.00483
3851.0,0.00007
3850.0,0.00000
3849.0,0.00000
3848.0,0.00000
3847.0,0.00004
3846.0,0.00000
3845.0,0.00000
3844.0,0.00000
3843.0,0.00000
3842.0,0.00827
3841.0,0.00000
3840.0,0.00000
3839.0,0.00169
3838.0,0.00704
3837.0,0.00000
3836.0,0.00000
3835.0,0.00000
3834.0,0.00000
3833.0,0.00368
3832.0,0.00000
3831.0,0.00036
3830.0,0.00000
3829.0,0.00228
3828.0,0.00000
3827.0,0.00000
3826.0,0.00000
3825.0,0.00000
3824.0,0.00668
3823.0,0.00000
3822.0,0.00146
3821.0,0.00000
3820.0,0.00000
3819.0,0.00000
3818.0,0.00315
3817.0,0.00000
3816.0,0.00000
3815.0,0.00011
3814.0,0.00589
3813.0,0.00341
3812.0,0.00192
3811.0,0.00000
3810.0,0.00000
3809.0,0.00475
3808.0,0.00484
3807.0,0.00000
3806.0,0.00271
3805.0,0.00391
3804.0,0.00416
3803.0,0.00461
3802.0,0.00000
3801.0,0.00758
3800.0,0.00000
3799.0,0.00431
3798.0,0.00248
3797.0,0.00437
3796.0,0.00940
3795.0,0.00743
3794.0,0.00000
3793.0,0.00000
3792.0,0.00409
3791.0,0.00000
3790.0,0.00000
3789.0,0.00421
3788.0,0.00000
3787.0,0.00000
3786.0,0.00131
3785.0,0.00023
3784.0,0.00000
3783.0,0.00021
3782.0,0.00000
3781.0,0.00000
3780.0,0.00000
3779.0,0.00000
3778.0,0.00000
3777.0,0.00255
3776.0,0.00000
3775.0,0.00205
3774.0,0.00000
3773.0,0.00000
3772.0,0.00000
3771.0,0.00000
3770.0,0.00100
3769.0,0.00000
3768.0,0.00181
3767.0,0.00173
3766.0,0.01016
3765.0,0.00000
3764.0,0.00447
3763.0,0.00000
3762.0,0.00000
3761.0,0.00000
3760.0,0.00000
3759.0,0.00376
3758.0,0.00000
3757.0,0.00045
3756.0,0.00000
3755.0,0.00582
3754.0,0.00000
3753.0,0.00000
3752.0,0.00000
3751.0,0.00000
3750.0,0.00000
3749.0,0.00000
3748.0,0.00674
3747.0,0.00031
3746.0,0.00000
3745.0,0.00000
3744.0,0.00574
3743.0,0.00087
3742.0,0.00033
3741.0,0.00000
3740.0,0.00029
3739.0,0.00413
3738.0,0.00287
3737.0,0.00119
3736.0,0.00000
3735.0,0.00268
3734.0,0.00000
3733.0,0.00560
3732.0,0.00000
3731.0,0.00000
3730.0,0.00012
3729.0,0.00000
3728.0,0.00878
3727.0,0.00748
3726.0,0.00000
3725.0,0.00405
3724.0,0.00209
3723.0,0.00000
3722.0,0.00147
3721.0,0.00000
3720.0,0.00065
3719.0,0.00000
3718.0,0.00000
3717.0,0.00000
3716.0,0.00622
3715.0,0.00196
3714.0,0.00028
3713.0,0.00796
3712.0,0.00000
3711.0,0.00000
3710.0,0.00000
3709.0,0.00822
3708.0,0.00521
3707.0,0.00499
3706.0,0.00377
3705.0,0.00099
3704.0,0.00153
3703.0,0.00000
3702.0,0.00000
3701.0,0.00079
3700.0,0.00810
3699.0,0.00334
3698.0,0.00029
3697.0,0.00000
3696.0,0.00000
3695.0,0.00867
3694.0,0.00322
3693.0,0.00105
3692.0,0.00000
3691.0,0.00000
3690.0,0.00046
3689.0,0.00520
3688.0,0.00000
3687.0,0.00000
3686.0,0.00000
3685.0,0.00152
3684.0,0.00000
3683.0,0.00000
3682.0,0.00000
3681.0,0.00555
3680.0,0.00000
3679.0,0.00410
3678.0,0.00888
3677.0,0.00000
3676.0,0.00000
3675.0,0.00237
3674.0,0.00146
3673.0,0.00000
3672.0,0.00388
3671.0,0.01172
3670.0,0.00041
3669.0,0.00075
3668.0,0.00000
3667.0,0.00349
3666.0,0.00000
3665.0,0.00000
3664.0,0.00851
3663.0,0.00000
3662.0,0.00768
3661.0,0.00997
3660.0,0.00373
3659.0,0.00529
3658.0,0.01238
3657.0,0.00173
3656.0,0.00000
3655.0,0.00000
3654.0,0.00322
3653.0,0.01051
3652.0,0.00802
3651.0,0.00000
3650.0,0.00000
3649.0,0.00106
3648.0,0.00516
3647.0,0.00280
3646.0,0.00504
3645.0,0.00558
3644.0,0.00275
3643.0,0.00418
3642.0,0.00557
3641.0,0.00427
3640.0,0.00737
3639.0,0.01437
3638.0,0.00814
3637.0,0.00563
3636.0,0.00000
3635.0,0.00766
3634.0,0.00000
3633.0,0.00000
3632.0,0.01057
3631.0,0.01004
3630.0,0.00597
3629.0,0.00000
3628.0,0.00531
3627.0,0.00400
3626.0,0.01082
3625.0,0.01917
3624.0,0.00921
3623.0,0.00449
3622.0,0.00280
3621.0,0.00865
3620.0,0.00833
3619.0,0.00374
3618.0,0.01038
3617.0,0.00435
3616.0,0.01597
3615.0,0.01605
3614.0,0.01649
3613.0,0.00903
3612.0,0.01433
3611.0,0.01145
3610.0,0.01053
3609.0,0.01116
3608.0,0.00674
3607.0,0.00642
3606.0,0.01801
3605.0,0.01350
3604.0,0.01597
3603.0,0.02034
3602.0,0.00711
3601.0,0.01232
3600.0,0.01759
3599.0,0.01916
3598.0,0.01581
3597.0,0.02335
3596.0,0.01977
3595.0,0.01319
3594.0,0.01515
3593.0,0.02439
3592.0,0.02326
3591.0,0.01203
3590.0,0.02887
3589.0,0.02573
3588.0,0.03009
3587.0,0.02210
3586.0,0.02320
3585.0,0.01972
3584.0,0.03873
3583.0,0.02587
3582.0,0.03541
3581.0,0.02497
3580.0,0.02978
3579.0,0.02138
3578.0,0.02861
3577.0,0.03625
3576.0,0.02590
3575.0,0.03836
3574.0,0.03554
3573.0,0.02952
3572.0,0.03312
3571.0,0.03425
3570.0,0.03724
3569.0,0.03576
3568.0,0.03528
3567.0,0.03889
3566.0,0.03629
3565.0,0.03601
3564.0,0.04327
3563.0,0.04901
3562.0,0.03805
3561.0,0.04683
3560.0,0.04471
3559.0,0.04424
3558.0,0.05458
3557.0,0.04893
3556.0,0.06024
3555.0,0.05011
3554.0,0.05722
3553.0,0.05546
3552.0,0.05415
3551.0,0.06221
3550.0,0.05988
3549.0,0.06507
3548.0,0.06325
3547.0,0.05951
3546.0,0.06591
3545.0,0.06818
3544.0,0.07424
3543.0,0.06648
3542.0,0.07240
3541.0,0.06559
3540.0,0.07910
3539.0,0.07210
3538.0,0.07017
3537.0,0.08062
3536.0,0.08819
3535.0,0.07682
3534.0,0.08081
3533.0,0.08436
3532.0,0.08429
3531.0,0.09373
3530.0,0.08971
3529.0,0.09209
3528.0,0.10059
3527.0,0.09590
3526.0,0.10388
3525.0,0.09893
3524.0,0.09982
3523.0,0.09883
3522.0,0.11947
3521.0,0.11075
3520.0,0.11578
3519.0,0.11666
3518.0,0.11989
3517.0,0.12165
3516.0,0.13328
3515.0,0.12091
3514.0,0.12072
3513.0,0.12587
3512.0,0.12672
3511.0,0.13962
3510.0,0.14251
3509.0,0.13616
3508.0,0.13659
3507.0,0.14439
3506.0,0.15576
3505.0,0.13738
3504.0,0.15682
3503.0,0.15154
3502.0,0.16489
3501.0,0.15709
3500.0,0.16388
3499.0,0.16063
3498.0,0.16617
3497.0,0.18090
3496.0,0.18102
3495.0,0.17788
3494.0,0.17854
3493.0,0.17645
3492.0,0.18702
3491.0,0.19192
3490.0,0.19477
3489.0,0.19787
3488.0,0.19590
3487.0,0.20438
3486.0,0.20774
3485.0,0.21764
3484.0,0.22380
3483.0,0.21709
3482.0,0.21728
3481.0,0.22414
3480.0,0.22481
3479.0,0.22754
3478.0,0.23439
3477.0,0.23292
3476.0,0.24464
3475.0,0.24459
3474.0,0.24988
3473.0,0.25126
3472.0,0.25211
3471.0,0.25459
3470.0,0.26175
3469.0,0.26381
3468.0,0.27137
3467.0,0.27384
3466.0,0.27073
3465.0,0.28158
3464.0,0.27824
3463.0,0.28561
3462.0,0.29096
3461.0,0.28582
3460.0,0.30043
3459.0,0.30451
3458.0,0.30677
3457.0,0.30925
3456.0,0.31332
3455.0,0.31414
3454.0,0.32152
3453.0,0.32396
3452.0,0.33104
3451.0,0.32843
3450.0,0.33950
3449.0,0.34292
3448.0,0.34538
3447.0,0.34778
3446.0,0.35663
3445.0,0.34943
3444.0,0.36395
3443.0,0.36676
3442.0,0.37086
3441.0,0.37525
3440.0,0.37396
3439.0,0.37982
3438.0,0.38819
3437.0,0.39103
3436.0,0.39379
3435.0,0.38905
3434.0,0.40317
3433.0,0.41018
3432.0,0.41322
3431.0,0.41317
3430.0,0.40803
3429.0,0.42434
3428.0,0.42268
3427.0,0.41453
3426.0,0.43284
3425.0,0.42724
3424.0,0.43194
3423.0,0.43896
3422.0,0.45218
3421.0,0.44764
3420.0,0.45449
3419.0,0.46550
3418.0,0.46833
3417.0,0.46342
3416.0,0.46627
3415.0,0.46470
3414.0,0.47102
3413.0,0.48009
3412.0,0.48338
3411.0,0.48535
3410.0,0.49315
3409.0,0.48765
3408.0,0.49454
3407.0,0.50175
3406.0,0.50425
3405.0,0.50988
3404.0,0.50967
3403.0,0.50926
3402.0,0.51570
3401.0,0.51192
3400.0,0.51173
3399.0,0.52579
3398.0,0.52553
3397.0,0.53021
3396.0,0.52301
3395.0,0.53245
3394.0,0.53401
3393.0,0.53537
3392.0,0.53105
3391.0,0.54323
3390.0,0.55193
3389.0,0.55183
3388.0,0.54935
3387.0,0.55466
3386.0,0.56085
3385.0,0.54553
3384.0,0.56093
3383.0,0.56642
3382.0,0.56922
3381.0,0.57636
3380.0,0.57552
3379.0,0.57334
3378.0,0.57516
3377.0,0.57939
3376.0,0.57451
3375.0,0.57869
3374.0,0.58505
3373.0,0.59188
3372.0,0.58279
3371.0,0.58479
3370.0,0.58740
3369.0,0.59443
3368.0,0.58881
3367.0,0.59749
3366.0,0.58643
3365.0,0.59138
3364.0,0.59231
3363.0,0.59815
3362.0,0.60030
3361.0,0.58831
3360.0,0.59200
3359.0,0.59891
3358.0,0.59451
3357.0,0.59071
3356.0,0.60396
3355.0,0.60161
3354.0,0.60192
3353.0,0.59731
3352.0,0.60501
3351.0,0.59877
3350.0,0.60548
3349.0,0.59541
3348.0,0.59559
3347.0,0.60071
3346.0,0.59594
3345.0,0.60252
3344.0,0.60006
3343.0,0.59370
3342.0,0.59817
3341.0,0.59547
3340.0,0.60115
3339.0,0.59269
3338.0,0.59287
3337.0,0.60027
3336.0,0.60449
3335.0,0.60231
3334.0,0.59158
3333.0,0.59124
3332.0,0.59663
3331.0,0.58710
3330.0,0.58152
3329.0,0.58561
3328.0,0.58585
3327.0,0.57794
3326.0,0.57229
3325.0,0.57171
3324.0,0.58053
3323.0,0.57166
3322.0,0.57294
3321.0,0.57284
3320.0,0.57294
3319.0,0.56618
3318.0,0.56831
3317.0,0.55926
3316.0,0.55974
3315.0,0.55421
3314.0,0.56272
3313.0,0.55460
3312.0,0.54866
3311.0,0.54817
3310.0,0.54634
3309.0,0.54841
3308.0,0.53435
3307.0,0.53450
3306.0,0.53512
3305.0,0.54694
3304.0,0.53627
3303.0,0.52811
3302.0,0.52936
3301.0,0.53318
3300.0,0.51876
3299.0,0.51510
3298.0,0.51995
3297.0,0.51328
3296.0,0.51104
3295.0,0.50198
3294.0,0.51095
3293.0,0.50664
3292.0,0.49765
3291.0,0.49494
3290.0,0.47804
3289.0,0.48799
3288.0,0.48043
3287.0,0.48013
3286.0,0.47791
3285.0,0.46930
3284.0,0.45903
3283.0,0.46577
3282.0,0.45665
3281.0,0.45511
3280.0,0.45011
3279.0,0.44778
3278.0,0.43427
3277.0,0.44822
3276.0,0.43969
3275.0,0.44026
3274.0,0.44085
3273.0,0.42731
3272.0,0.41440
3271.0,0.41515
3270.0,0.40978
3269.0,0.40949
3268.0,0.40857
3267.0,0.39432
3266.0,0.40219
3265.0,0.38907
3264.0,0.39424
3263.0,0.38833
3262.0,0.38343
3261.0,0.38075
3260.0,0.37453
3259.0,0.37027
3258.0,0.36103
3257.0,0.36540
3256.0,0.37088
3255.0,0.36766
3254.0,0.36047
3253.0,0.35350
3252.0,0.34270
3251.0,0.34941
3250.0,0.33804
3249.0,0.33410
3248.0,0.32912
3247.0,0.32718
3246.0,0.32069
3245.0,0.31861
3244.0,0.30977
3243.0,0.30950
3242.0,0.31896
3241.0,0.30341
3240.0,0.29877
3239.0,0.29886
3238.0,0.29597
3237.0,0.28312
3236.0,0.28392
3235.0,0.28583
3234.0,0.27890
3233.0,0.27448
3232.0,0.27797
3231.0,0.26317
3230.0,0.26335
3229.0,0.25673
3228.0,0.26319
3227.0,0.24242
3226.0,0.24528
3225.0,0.24247
3224.0,0.24493
3223.0,0.24117
3222.0,0.24166
3221.0,0.22338
3220.0,0.23160
3219.0,0.22300
3218.0,0.21778
3217.0,0.22047
3216.0,0.20987
3215.0,0.20080
3214.0,0.20608
3213.0,0.19722
3212.0,0.19826
3211.0,0.20019
3210.0,0.19675
3209.0,0.20001
3208.0,0.18799
3207.0,0.17826
3206.0,0.17911
3205.0,0.17529
3204.0,0.17082
3203.0,0.17614
3202.0,0.16783
3201.0,0.15828
3200.0,0.16879
3199.0,0.16193
3198.0,0.16147
3197.0,0.15745
3196.0,0.15734
3195.0,0.15167
3194.0,0.15499
3193.0,0.14828
3192.0,0.14551
3191.0,0.14301
3190.0,0.13113
3189.0,0.13506
3188.0,0.13210
3187.0,0.13197
3186.0,0.12171
3185.0,0.13427
3184.0,0.12426
3183.0,0.11534
3182.0,0.11054
3181.0,0.11541
3180.0,0.11412
3179.0,0.10876
3178.0,0.11062
3177.0,0.10480
3176.0,0.10864
3175.0,0.10016
3174.0,0.10153
3173.0,0.10458
3172.0,0.11053
3171.0,0.09066
3170.0,0.09143
3169.0,0.08763
3168.0,0.09386
3167.0,0.08234
3166.0,0.08382
3165.0,0.08429
3164.0,0.07777
3163.0,0.07613
3162.0,0.07682
3161.0,0.06700
3160.0,0.06861
3159.0,0.07214
3158.0,0.07333
3157.0,0.07008
3156.0,0.06058
3155.0,0.06560
3154.0,0.07041
3153.0,0.06772
3152.0,0.06309
3151.0,0.05762
3150.0,0.06381
3149.0,0.05638
3148.0,0.05208
3147.0,0.05258
3146.0,0.06253
3145.0,0.05511
3144.0,0.05855
3143.0,0.04912
3142.0,0.05500
3141.0,0.04611
3140.0,0.04717
3139.0,0.05924
3138.0,0.04953
3137.0,0.04209
3136.0,0.04309
3135.0,0.04409
3134.0,0.04748
3133.0,0.03796
3132.0,0.03071
3131.0,0.03704
3130.0,0.03756
3129.0,0.03710
3128.0,0.04222
3127.0,0.03632
3126.0,0.03792
3125.0,0.02749
3124.0,0.03650
3123.0,0.04181
3122.0,0.03439
3121.0,0.03100
3120.0,0.02974
3119.0,0.03715
3118.0,0.02284
3117.0,0.02619
3116.0,0.02834
3115.0,0.02907
3114.0,0.02249
3113.0,0.02555
3112.0,0.02198
3111.0,0.02335
3110.0,0.02147
3109.0,0.01582
3108.0,0.02083
3107.0,0.02475
3106.0,0.01497
3105.0,0.01805
3104.0,0.02205
3103.0,0.01285
3102.0,0.01861
3101.0,0.01190
3100.0,0.02238
3099.0,0.02780
3098.0,0.02589
3097.0,0.01423
3096.0,0.01859
3095.0,0.01507
3094.0,0.01455
3093.0,0.02138
3092.0,0.00664
3091.0,0.01813
3090.0,0.01223
3089.0,0.01915
3088.0,0.01269
3087.0,0.00804
3086.0,0.01245
3085.0,0.01441
3084.0,0.01059
3083.0,0.01254
3082.0,0.00719
3081.0,0.00000
3080.0,0.01371
3079.0,0.01242
3078.0,0.00940
3077.0,0.00873
3076.0,0.01331
3075.0,0.00559
3074.0,0.00410
3073.0,0.00645
3072.0,0.01311
3071.0,0.00000
3070.0,0.01268
3069.0,0.00331
3068.0,0.00080
3067.0,0.01240
3066.0,0.00542
3065.0,0.00000
3064.0,0.00374
3063.0,0.01001
3062.0,0.01114
3061.0,0.00288
3060.0,0.00688
3059.0,0.00826
3058.0,0.00131
3057.0,0.00616
3056.0,0.00408
3055.0,0.00142
3054.0,0.00150
3053.0,0.00417
3052.0,0.00385
3051.0,0.00075
3050.0,0.00133
3049.0,0.00891
3048.0,0.00430
3047.0,0.00754
3046.0,0.00902
3045.0,0.00585
3044.0,0.01416
3043.0,0.00000
3042.0,0.00666
3041.0,0.00093
3040.0,0.01172
3039.0,0.01085
3038.0,0.00000
3037.0,0.00000
3036.0,0.00543
3035.0,0.00599
3034.0,0.00565
3033.0,0.00154
3032.0,0.00410
3031.0,0.00503
3030.0,0.00131
3029.0,0.00677
3028.0,0.00000
3027.0,0.00469
3026.0,0.00000
3025.0,0.00621
3024.0,0.00022
3023.0,0.00000
3022.0,0.00313
3021.0,0.00000
3020.0,0.00000
3019.0,0.00000
3018.0,0.00095
3017.0,0.00353
3016.0,0.00612
3015.0,0.00027
3014.0,0.00618
3013.0,0.00101
3012.0,0.00043
3011.0,0.00375
3010.0,0.00618
3009.0,0.00000
3008.0,0.00000
3007.0,0.00028
3006.0,0.00167
3005.0,0.00000
3004.0,0.00709
3003.0,0.00057
3002.0,0.00577
3001.0,0.00058
3000.0,0.00824
2999.0,0.01077
2998.0,0.00989
2997.0,0.02628
2996.0,0.02347
2995.0,0.03744
2994.0,0.04206
2993.0,0.04471
2992.0,0.05917
2991.0,0.07884
2990.0,0.09524
2989.0,0.11623
2988.0,0.13834
2987.0,0.15710
2986.0,0.19367
2985.0,0.21418
2984.0,0.25879
2983.0,0.28539
2982.0,0.31707
2981.0,0.34976
2980.0,0.37999
2979.0,0.39582
2978.0,0.41425
2977.0,0.43257
2976.0,0.43688
2975.0,0.44536
2974.0,0.45503
2973.0,0.43258
2972.0,0.42621
2971.0,0.39606
2970.0,0.38004
2969.0,0.34916
2968.0,0.32024
2967.0,0.29173
2966.0,0.26557
2965.0,0.22608
2964.0,0.19526
2963.0,0.16111
2962.0,0.14253
2961.0,0.11462
2960.0,0.09902
2959.0,0.07646
2958.0,0.06997
2957.0,0.03857
2956.0,0.03667
2955.0,0.03450
2954.0,0.02237
2953.0,0.01614
2952.0,0.01659
2951.0,0.01065
2950.0,0.01961
2949.0,0.03462
2948.0,0.03364
2947.0,0.03019
2946.0,0.04173
2945.0,0.05721
2944.0,0.08038
2943.0,0.09047
2942.0,0.11346
2941.0,0.14662
2940.0,0.17442
2939.0,0.19820
2938.0,0.22578
2937.0,0.25529
2936.0,0.29048
2935.0,0.31184
2934.0,0.35259
2933.0,0.36723
2932.0,0.38897
2931.0,0.40596
2930.0,0.40589
2929.0,0.39086
2928.0,0.39091
2927.0,0.37616
2926.0,0.34510
2925.0,0.31820
2924.0,0.29340
2923.0,0.25499
2922.0,0.23867
2921.0,0.18797
2920.0,0.16445
2919.0,0.14067
2918.0,0.11551
2917.0,0.09501
2916.0,0.07611
2915.0,0.05725
2914.0,0.05042
2913.0,0.02303
2912.0,0.02500
2911.0,0.01465
2910.0,0.01373
2909.0,0.01033
2908.0,0.00186
2907.0,0.00124
2906.0,0.00706
2905.0,0.00400
2904.0,0.00000
2903.0,0.01196
2902.0,0.01363
2901.0,0.00000
2900.0,0.00563
2899.0,0.01867
2898.0,0.01296
2897.0,0.01425
2896.0,0.01773
2895.0,0.02353
2894.0,0.03485
2893.0,0.04535
2892.0,0.06678
2891.0,0.07890
2890.0,0.09935
2889.0,0.11875
2888.0,0.14974
2887.0,0.17198
2886.0,0.20223
2885.0,0.23404
2884.0,0.25409
2883.0,0.27466
2882.0,0.28906
2881.0,0.29707
2880.0,0.29937
2879.0,0.29523
2878.0,0.29108
2877.0,0.26671
2876.0,0.25897
2875.0,0.22900
2874.0,0.19938
2873.0,0.17400
2872.0,0.14660
2871.0,0.12556
2870.0,0.09796
2869.0,0.08660
2868.0,0.05914
2867.0,0.03673
2866.0,0.03224
2865.0,0.01618
2864.0,0.01854
2863.0,0.01841
2862.0,0.01221
2861.0,0.00000
2860.0,0.00013
2859.0,0.01142
2858.0,0.00318
2857.0,0.00100
2856.0,0.00587
2855.0,0.01261
2854.0,0.00668
2853.0,0.00081
2852.0,0.00184
2851.0,0.00312
2850.0,0.00000
2849.0,0.00000
2848.0,0.00027
2847.0,0.00000
2846.0,0.00000
2845.0,0.00048
2844.0,0.01171
2843.0,0.00000
2842.0,0.00000
2841.0,0.00000
2840.0,0.00219
2839.0,0.00523
2838.0,0.00000
2837.0,0.00000
2836.0,0.00000
2835.0,0.00000
2834.0,0.00268
2833.0,0.00023
2832.0,0.00000
2831.0,0.00000
2830.0,0.00016
2829.0,0.00252
2828.0,0.00000
2827.0,0.00000
2826.0,0.00000
2825.0,0.00000
2824.0,0.00809
2823.0,0.00000
2822.0,0.00000
2821.0,0.00110
2820.0,0.00000
2819.0,0.00000
2818.0,0.00000
2817.0,0.00000
2816.0,0.00000
2815.0,0.00000
2814.0,0.00000
2813.0,0.00000
2812.0,0.00000
2811.0,0.00113
2810.0,0.00320
2809.0,0.00448
2808.0,0.00000
2807.0,0.00462
2806.0,0.00587
2805.0,0.00568
2804.0,0.00695
2803.0,0.00000
2802.0,0.00000
2801.0,0.00413
2800.0,0.00000
2799.0,0.00105
2798.0,0.00000
2797.0,0.00000
2796.0,0.00000
2795.0,0.00000
2794.0,0.00000
2793.0,0.00444
2792.0,0.00495
2791.0,0.00000
2790.0,0.00000
2789.0,0.00000
2788.0,0.00201
2787.0,0.00000
2786.0,0.00303
2785.0,0.00876
2784.0,0.00000
2783.0,0.00000
2782.0,0.00000
2781.0,0.00000
2780.0,0.00000
2779.0,0.00653
2778.0,0.00113
2777.0,0.00000
2776.0,0.00327
2775.0,0.00630
2774.0,0.00000
2773.0,0.00000
2772.0,0.00000
2771.0,0.00142
2770.0,0.00320
2769.0,0.00591
2768.0,0.00606
2767.0,0.00593
2766.0,0.00681
2765.0,0.00331
2764.0,0.00000
2763.0,0.00000
2762.0,0.00157
2761.0,0.00000
2760.0,0.00456
2759.0,0.00000
2758.0,0.00000
2757.0,0.00722
2756.0,0.00333
2755.0,0.00110
2754.0,0.00463
2753.0,0.00531
2752.0,0.00171
2751.0,0.00000
2750.0,0.00000
2749.0,0.00000
2748.0,0.00000
2747.0,0.00099
2746.0,0.00596
2745.0,0.00000
2744.0,0.00000
2743.0,0.01014
2742.0,0.00000
2741.0,0.00000
2740.0,0.00119
2739.0,0.00213
2738.0,0.00000
2737.0,0.00395
2736.0,0.00000
2735.0,0.00000
2734.0,0.00089
2733.0,0.00385
2732.0,0.00000
2731.0,0.00165
2730.0,0.00000
2729.0,0.01412
2728.0,0.00000
2727.0,0.00692
2726.0,0.00000
2725.0,0.00000
2724.0,0.00361
2723.0,0.00447
2722.0,0.00634
2721.0,0.00164
2720.0,0.00000
2719.0,0.00000
2718.0,0.00255
2717.0,0.00290
2716.0,0.00699
2715.0,0.00209
2714.0,0.00530
2713.0,0.00758
2712.0,0.00082
2711.0,0.00000
2710.0,0.00000
2709.0,0.00000
2708.0,0.00796
2707.0,0.00000
2706.0,0.00616
2705.0,0.00293
2704.0,0.00858
2703.0,0.00502
2702.0,0.00000
2701.0,0.00000
2700.0,0.00043
2699.0,0.00088
2698.0,0.00000
2697.0,0.00000
2696.0,0.00805
2695.0,0.00000
2694.0,0.00129
2693.0,0.00000
2692.0,0.00094
2691.0,0.00420
2690.0,0.00000
2689.0,0.00386
2688.0,0.00000
2687.0,0.00553
2686.0,0.00000
2685.0,0.00311
2684.0,0.00091
2683.0,0.00000
2682.0,0.00000
2681.0,0.00110
2680.0,0.00777
2679.0,0.00144
2678.0,0.00129
2677.0,0.00000
2676.0,0.00716
2675.0,0.00904
2674.0,0.00014
2673.0,0.00000
2672.0,0.00000
2671.0,0.00442
2670.0,0.01351
2669.0,0.00359
2668.0,0.00632
2667.0,0.00271
2666.0,0.00000
2665.0,0.00668
2664.0,0.00000
2663.0,0.00000
2662.0,0.00139
2661.0,0.00441
2660.0,0.00208
2659.0,0.00193
2658.0,0.00000
2657.0,0.00000
2656.0,0.00031
2655.0,0.00000
2654.0,0.00000
2653.0,0.00000
2652.0,0.00000
2651.0,0.00000
2650.0,0.00000
2649.0,0.00000
2648.0,0.00091
2647.0,0.00204
2646.0,0.01004
2645.0,0.00000
2644.0,0.00000
2643.0,0.00456
2642.0,0.00000
2641.0,0.00000
2640.0,0.00855
2639.0,0.00000
2638.0,0.00000
2637.0,0.00000
2636.0,0.00168
2635.0,0.00153
2634.0,0.00000
2633.0,0.00000
2632.0,0.00267
2631.0,0.00289
2630.0,0.00000
2629.0,0.00311
2628.0,0.00286
2627.0,0.00000
2626.0,0.00000
2625.0,0.00208
2624.0,0.00000
2623.0,0.00000
2622.0,0.00000
2621.0,0.00376
2620.0,0.00790
2619.0,0.00000
2618.0,0.01307
2617.0,0.00000
2616.0,0.00478
2615.0,0.00617
2614.0,0.00492
2613.0,0.00075
2612.0,0.00000
2611.0,0.00313
2610.0,0.00000
2609.0,0.00000
2608.0,0.01414
2607.0,0.00354
2606.0,0.00909
2605.0,0.00000
2604.0,0.00734
2603.0,0.00795
2602.0,0.00777
2601.0,0.00000
2600.0,0.00000
2599.0,0.00000
2598.0,0.00000
2597.0,0.00000
2596.0,0.00046
2595.0,0.00000
2594.0,0.00000
2593.0,0.00000
2592.0,0.00965
2591.0,0.00649
2590.0,0.00000
2589.0,0.00604
2588.0,0.00000
2587.0,0.00000
2586.0,0.00455
2585.0,0.00000
2584.0,0.00000
2583.0,0.00000
2582.0,0.00059
2581.0,0.00816
2580.0,0.00000
2579.0,0.00113
2578.0,0.00000
2577.0,0.00000
2576.0,0.00000
2575.0,0.00727
2574.0,0.01181
2573.0,0.00242
2572.0,0.00000
2571.0,0.00352
2570.0,0.00000
2569.0,0.00401
2568.0,0.00145
2567.0,0.00140
2566.0,0.00304
2565.0,0.00000
2564.0,0.00000
2563.0,0.00000
2562.0,0.00000
2561.0,0.00000
2560.0,0.00000
2559.0,0.00000
2558.0,0.00051
2557.0,0.00227
2556.0,0.00000
2555.0,0.00000
2554.0,0.00000
2553.0,0.00373
2552.0,0.00853
2551.0,0.00426
2550.0,0.00000
2549.0,0.00733
2548.0,0.00000
2547.0,0.00750
2546.0,0.00000
2545.0,0.00000
2544.0,0.01325
2543.0,0.00789
2542.0,0.00000
2541.0,0.00085
2540.0,0.00000
2539.0,0.00051
2538.0,0.00000
2537.0,0.00000
2536.0,0.00234
2535.0,0.00111
2534.0,0.00600
2533.0,0.00040
2532.0,0.01175
2531.0,0.00000
2530.0,0.00130
2529.0,0.00000
2528.0,0.00000
2527.0,0.00664
2526.0,0.00000
2525.0,0.00265
2524.0,0.00000
2523.0,0.00000
2522.0,0.00000
2521.0,0.00000
2520.0,0.00000
2519.0,0.00377
2518.0,0.00326
2517.0,0.00000
2516.0,0.00000
2515.0,0.00141
2514.0,0.00000
2513.0,0.00514
2512.0,0.01328
2511.0,0.00421
2510.0,0.00000
2509.0,0.00000
2508.0,0.00000
2507.0,0.00000
2506.0,0.00000
2505.0,0.00000
2504.0,0.00000
2503.0,0.00372
2502.0,0.00000
2501.0,0.00000
2500.0,0.00000
2499.0,0.00822
2498.0,0.00253
2497.0,0.00894
2496.0,0.00398
2495.0,0.00745
2494.0,0.00000
2493.0,0.00359
2492.0,0.01353
2491.0,0.00000
2490.0,0.00588
2489.0,0.00849
2488.0,0.00211
2487.0,0.00383
2486.0,0.00640
2485.0,0.00000
2484.0,0.00209
2483.0,0.00000
2482.0,0.00000
2481.0,0.00000
2480.0,0.00000
2479.0,0.00075
2478.0,0.00232
2477.0,0.00000
2476.0,0.01013
2475.0,0.00592
2474.0,0.00372
2473.0,0.00000
2472.0,0.00000
2471.0,0.00281
2470.0,0.00211
2469.0,0.00000
2468.0,0.00380
2467.0,0.01494
2466.0,0.00000
2465.0,0.00510
2464.0,0.00189
2463.0,0.00000
2462.0,0.00704
2461.0,0.00000
2460.0,0.00084
2459.0,0.00751
2458.0,0.00000
2457.0,0.00000
2456.0,0.00059
2455.0,0.00000
2454.0,0.00795
2453.0,0.00000
2452.0,0.00448
2451.0,0.00000
2450.0,0.00344
2449.0,0.00000
2448.0,0.00000
2447.0,0.00000
2446.0,0.00000
2445.0,0.00000
2444.0,0.00791
2443.0,0.00000
2442.0,0.00000
2441.0,0.00740
2440.0,0.00060
2439.0,0.00792
2438.0,0.00166
2437.0,0.00000
2436.0,0.00000
2435.0,0.00632
2434.0,0.00484
2433.0,0.00000
2432.0,0.00025
2431.0,0.00000
2430.0,0.00000
2429.0,0.00993
2428.0,0.00004
2427.0,0.00000
2426.0,0.00000
2425.0,0.00373
2424.0,0.00330
2423.0,0.00000
2422.0,0.00000
2421.0,0.00012
2420.0,0.00000
2419.0,0.00000
2418.0,0.00411
2417.0,0.00000
2416.0,0.00193
2415.0,0.00626
2414.0,0.00334
2413.0,0.00011
2412.0,0.01094
2411.0,0.00343
2410.0,0.00000
2409.0,0.00376
2408.0,0.00210
2407.0,0.00000
2406.0,0.00038
2405.0,0.00000
2404.0,0.00000
2403.0,0.00000
2402.0,0.00000
2401.0,0.00000
2400.0,0.00000
2399.0,0.00000
2398.0,0.00000
2397.0,0.00052
2396.0,0.00000
2395.0,0.00325
2394.0,0.00000
2393.0,0.00000
2392.0,0.00671
2391.0,0.00000
2390.0,0.00000
2389.0,0.00552
2388.0,0.00000
2387.0,0.00000
2386.0,0.00114
2385.0,0.00539
2384.0,0.00000
2383.0,0.00000
2382.0,0.00000
2381.0,0.00000
2380.0,0.00000
2379.0,0.00000
2378.0,0.00155
2377.0,0.00000
2376.0,0.00063
2375.0,0.00206
2374.0,0.00000
2373.0,0.00067
2372.0,0.00839
2371.0,0.00165
2370.0,0.00000
2369.0,0.00000
2368.0,0.00000
2367.0,0.00139
2366.0,0.00441
2365.0,0.00000
2364.0,0.00000
2363.0,0.00569
2362.0,0.00000
2361.0,0.00096
2360.0,0.00000
2359.0,0.00000
2358.0,0.00000
2357.0,0.01088
2356.0,0.00000
2355.0,0.00000
2354.0,0.00000
2353.0,0.00000
2352.0,0.00328
2351.0,0.00095
2350.0,0.01029
2349.0,0.00107
2348.0,0.00724
2347.0,0.00138
2346.0,0.00303
2345.0,0.00000
2344.0,0.00000
2343.0,0.00000
2342.0,0.00000
2341.0,0.00000
2340.0,0.00440
2339.0,0.00000
2338.0,0.00000
2337.0,0.00000
2336.0,0.00000
2335.0,0.00204
2334.0,0.00000
2333.0,0.00000
2332.0,0.00145
2331.0,0.00073
2330.0,0.00000
2329.0,0.00000
2328.0,0.00000
2327.0,0.00000
2326.0,0.00590
2325.0,0.00000
2324.0,0.00762
2323.0,0.00422
2322.0,0.00000
2321.0,0.00392
2320.0,0.00000
2319.0,0.00000
2318.0,0.00000
2317.0,0.00000
2316.0,0.00000
2315.0,0.00000
2314.0,0.00050
2313.0,0.00000
2312.0,0.00248
2311.0,0.00000
2310.0,0.00000
2309.0,0.00000
2308.0,0.00000
2307.0,0.00000
2306.0,0.00000
2305.0,0.00000
2304.0,0.00295
2303.0,0.00282
2302.0,0.00000
2301.0,0.00000
2300.0,0.00000
2299.0,0.00225
2298.0,0.00000
2297.0,0.00619
2296.0,0.00000
2295.0,0.00000
2294.0,0.00170
2293.0,0.00516
2292.0,0.00171
2291.0,0.00526
2290.0,0.00067
2289.0,0.00615
2288.0,0.00623
2287.0,0.00000
2286.0,0.00720
2285.0,0.00082
2284.0,0.00043
2283.0,0.00000
2282.0,0.00000
2281.0,0.00389
2280.0,0.00000
2279.0,0.00325
2278.0,0.00174
2277.0,0.00139
2276.0,0.00000
2275.0,0.00000
2274.0,0.00324
2273.0,0.00000
2272.0,0.00045
2271.0,0.00000
2270.0,0.00336
2269.0,0.00000
2268.0,0.00436
2267.0,0.00000
2266.0,0.00346
2265.0,0.00000
2264.0,0.00404
2263.0,0.00000
2262.0,0.00000
2261.0,0.01121
2260.0,0.00000
2259.0,0.00000
2258.0,0.00000
2257.0,0.00000
2256.0,0.00595
2255.0,0.00863
2254.0,0.00000
2253.0,0.00000
2252.0,0.00586
2251.0,0.00554
2250.0,0.00411
2249.0,0.00578
2248.0,0.00000
2247.0,0.00000
2246.0,0.00000
2245.0,0.00000
2244.0,0.00491
2243.0,0.00000
2242.0,0.01140
2241.0,0.00037
2240.0,0.00000
2239.0,0.00399
2238.0,0.00901
2237.0,0.00243
2236.0,0.00000
2235.0,0.00186
2234.0,0.00688
2233.0,0.00000
2232.0,0.00000
2231.0,0.00508
2230.0,0.00070
2229.0,0.00000
2228.0,0.00000
2227.0,0.00000
2226.0,0.00148
2225.0,0.00055
2224.0,0.00575
2223.0,0.00355
2222.0,0.00000
2221.0,0.00203
2220.0,0.00448
2219.0,0.00228
2218.0,0.00515
2217.0,0.00000
2216.0,0.00000
2215.0,0.00465
2214.0,0.00000
2213.0,0.00000
2212.0,0.00513
2211.0,0.00000
2210.0,0.00000
2209.0,0.00000
2208.0,0.00000
2207.0,0.00000
2206.0,0.00000
2205.0,0.00185
2204.0,0.00000
2203.0,0.00376
2202.0,0.00000
2201.0,0.00000
2200.0,0.00339
2199.0,0.00000
2198.0,0.00000
2197.0,0.00922
2196.0,0.00000
2195.0,0.00124
2194.0,0.00100
2193.0,0.00706
2192.0,0.00000
2191.0,0.00504
2190.0,0.00000
2189.0,0.00561
2188.0,0.00000
2187.0,0.00000
2186.0,0.00948
2185.0,0.00158
2184.0,0.00055
2183.0,0.01121
2182.0,0.00181
2181.0,0.00000
2180.0,0.00367
2179.0,0.00000
2178.0,0.00564
2177.0,0.00603
2176.0,0.00000
2175.0,0.00000
2174.0,0.00088
2173.0,0.00007
2172.0,0.00000
2171.0,0.00284
2170.0,0.00000
2169.0,0.00000
2168.0,0.00000
2167.0,0.00000
2166.0,0.00154
2165.0,0.00000
2164.0,0.00294
2163.0,0.00000
2162.0,0.00000
2161.0,0.00000
2160.0,0.00000
2159.0,0.00180
2158.0,0.00000
2157.0,0.00032
2156.0,0.00531
2155.0,0.00516
2154.0,0.00780
2153.0,0.00000
2152.0,0.00000
2151.0,0.00510
2150.0,0.00155
2149.0,0.00562
2148.0,0.00006
2147.0,0.00598
2146.0,0.00423
2145.0,0.00358
2144.0,0.00252
2143.0,0.00199
2142.0,0.00117
2141.0,0.00113
2140.0,0.00495
2139.0,0.00000
2138.0,0.00868
2137.0,0.00000
2136.0,0.00493
2135.0,0.00000
2134.0,0.00000
2133.0,0.01016
2132.0,0.00000
2131.0,0.00000
2130.0,0.00000
2129.0,0.00000
2128.0,0.01078
2127.0,0.00103
2126.0,0.00467
2125.0,0.00000
2124.0,0.00176
2123.0,0.00336
2122.0,0.00901
2121.0,0.00000
2120.0,0.00302
2119.0,0.00151
2118.0,0.00000
2117.0,0.00000
2116.0,0.00000
2115.0,0.00000
2114.0,0.00299
2113.0,0.00270
2112.0,0.00000
2111.0,0.00000
2110.0,0.00740
2109.0,0.00133
2108.0,0.00508
2107.0,0.00705
2106.0,0.00000
2105.0,0.00406
2104.0,0.00000
2103.0,0.00000
2102.0,0.00000
2101.0,0.00000
2100.0,0.00557
2099.0,0.00062
2098.0,0.00000
2097.0,0.00000
2096.0,0.00171
2095.0,0.00000
2094.0,0.00000
2093.0,0.00000
2092.0,0.00000
2091.0,0.00000
2090.0,0.00000
2089.0,0.01002
2088.0,0.00665
2087.0,0.00225
2086.0,0.00000
2085.0,0.01095
2084.0,0.00161
2083.0,0.00000
2082.0,0.00152
2081.0,0.00153
2080.0,0.00705
2079.0,0.00000
2078.0,0.01050
2077.0,0.00000
2076.0,0.00347
2075.0,0.00000
2074.0,0.00909
2073.0,0.00000
2072.0,0.00000
2071.0,0.00462
2070.0,0.00628
2069.0,0.00000
2068.0,0.00000
2067.0,0.00000
2066.0,0.00069
2065.0,0.00000
2064.0,0.00000
2063.0,0.00000
2062.0,0.00000
2061.0,0.00000
2060.0,0.00264
2059.0,0.00758
2058.0,0.00000
2057.0,0.00000
2056.0,0.00000
2055.0,0.00246
2054.0,0.00000
2053.0,0.00000
2052.0,0.00000
2051.0,0.00348
2050.0,0.00050
2049.0,0.00000
2048.0,0.00185
2047.0,0.00000
2046.0,0.00000
2045.0,0.00298
2044.0,0.00144
2043.0,0.00000
2042.0,0.00492
2041.0,0.00609
2040.0,0.00000
2039.0,0.00000
2038.0,0.00774
2037.0,0.00709
2036.0,0.00000
2035.0,0.00000
2034.0,0.00000
2033.0,0.00000
2032.0,0.00000
2031.0,0.00016
2030.0,0.00000
2029.0,0.00000
2028.0,0.00458
2027.0,0.00000
2026.0,0.00000
2025.0,0.00315
2024.0,0.00407
2023.0,0.00000
2022.0,0.00022
2021.0,0.00000
2020.0,0.00874
2019.0,0.00325
2018.0,0.00000
2017.0,0.00002
2016.0,0.00357
2015.0,0.00240
2014.0,0.00915
2013.0,0.00686
2012.0,0.00000
2011.0,0.00000
2010.0,0.00000
2009.0,0.00125
2008.0,0.00076
2007.0,0.01352
2006.0,0.00049
2005.0,0.00000
2004.0,0.00000
2003.0,0.00056
2002.0,0.00000
2001.0,0.00000
2000.0,0.00000
1999.0,0.00171
1998.0,0.00000
1997.0,0.00000
1996.0,0.00394
1995.0,0.00000
1994.0,0.00000
1993.0,0.00000
1992.0,0.00000
1991.0,0.00326
1990.0,0.00000
1989.0,0.00000
1988.0,0.00359
1987.0,0.00000
1986.0,0.00120
1985.0,0.00000
1984.0,0.00655
1983.0,0.00551
1982.0,0.00118
1981.0,0.00000
1980.0,0.00000
1979.0,0.00488
1978.0,0.00857
1977.0,0.00148
1976.0,0.00624
1975.0,0.00000
1974.0,0.00000
1973.0,0.00001
1972.0,0.00212
1971.0,0.00000
1970.0,0.00470
1969.0,0.00661
1968.0,0.00000
1967.0,0.00000
1966.0,0.00175
1965.0,0.00000
1964.0,0.00000
1963.0,0.00404
1962.0,0.00078
1961.0,0.00000
1960.0,0.01057
1959.0,0.00069
1958.0,0.00000
1957.0,0.00051
1956.0,0.00000
1955.0,0.00000
1954.0,0.00193
1953.0,0.00000
1952.0,0.00000
1951.0,0.00834
1950.0,0.00430
1949.0,0.00401
1948.0,0.00264
1947.0,0.00242
1946.0,0.00728
1945.0,0.00000
1944.0,0.00928
1943.0,0.00000
1942.0,0.00000
1941.0,0.00000
1940.0,0.00000
1939.0,0.00259
1938.0,0.00726
1937.0,0.00000
1936.0,0.00003
1935.0,0.00000
1934.0,0.00000
1933.0,0.00000
1932.0,0.00030
1931.0,0.00000
1930.0,0.00055
1929.0,0.00010
1928.0,0.00000
1927.0,0.00000
1926.0,0.00000
1925.0,0.00936
1924.0,0.00000
1923.0,0.00779
1922.0,0.00300
1921.0,0.00000
1920.0,0.00000
1919.0,0.00521
1918.0,0.00865
1917.0,0.00000
1916.0,0.00000
1915.0,0.00526
1914.0,0.00168
1913.0,0.01000
1912.0,0.00000
1911.0,0.00271
1910.0,0.00000
1909.0,0.01048
1908.0,0.00000
1907.0,0.00000
1906.0,0.00000
1905.0,0.00000
1904.0,0.00958
1903.0,0.00000
1902.0,0.00000
1901.0,0.00297
1900.0,0.00793
1899.0,0.00000
1898.0,0.00520
1897.0,0.00259
1896.0,0.00000
1895.0,0.00039
1894.0,0.00014
1893.0,0.00000
1892.0,0.00607
1891.0,0.00000
1890.0,0.00586
1889.0,0.00477
1888.0,0.00000
1887.0,0.00000
1886.0,0.00000
1885.0,0.00236
1884.0,0.00372
1883.0,0.00143
1882.0,0.00496
1881.0,0.00000
1880.0,0.00117
1879.0,0.00000
1878.0,0.00382
1877.0,0.00077
1876.0,0.00000
1875.0,0.00581
1874.0,0.00346
1873.0,0.00000
1872.0,0.00020
1871.0,0.00000
1870.0,0.00533
1869.0,0.01245
1868.0,0.00000
1867.0,0.00037
1866.0,0.00000
1865.0,0.00175
1864.0,0.00322
1863.0,0.00644
1862.0,0.00000
1861.0,0.00786
1860.0,0.00000
1859.0,0.00139
1858.0,0.00579
1857.0,0.00357
1856.0,0.00000
1855.0,0.00000
1854.0,0.00000
1853.0,0.00000
1852.0,0.00573
1851.0,0.00000
1850.0,0.00233
1849.0,0.00305
1848.0,0.00279
1847.0,0.00233
1846.0,0.00759
1845.0,0.00244
1844.0,0.00428
1843.0,0.00282
1842.0,0.00897
1841.0,0.00000
1840.0,0.00641
1839.0,0.00000
1838.0,0.00000
1837.0,0.00000
1836.0,0.00000
1835.0,0.00000
1834.0,0.00000
1833.0,0.00247
1832.0,0.00000
1831.0,0.00716
1830.0,0.00136
1829.0,0.00000
1828.0,0.00000
1827.0,0.00000
1826.0,0.00000
1825.0,0.00000
1824.0,0.00003
1823.0,0.00000
1822.0,0.00000
1821.0,0.00000
1820.0,0.00000
1819.0,0.00080
1818.0,0.00932
1817.0,0.00313
1816.0,0.00000
1815.0,0.00000
1814.0,0.00000
1813.0,0.00000
1812.0,0.00363
1811.0,0.00000
1810.0,0.00031
1809.0,0.00000
1808.0,0.00046
1807.0,0.00701
1806.0,0.00000
1805.0,0.00000
1804.0,0.00000
1803.0,0.00437
1802.0,0.00000
1801.0,0.00000
1800.0,0.00000
1799.0,0.00000
1798.0,0.00235
1797.0,0.01285
1796.0,0.00000
1795.0,0.00476
1794.0,0.00126
1793.0,0.00000
1792.0,0.00000
1791.0,0.00000
1790.0,0.00000
1789.0,0.00965
1788.0,0.00000
1787.0,0.00191
1786.0,0.00166
1785.0,0.00000
1784.0,0.00075
1783.0,0.00439
1782.0,0.00076
1781.0,0.00209
1780.0,0.00346
1779.0,0.00000
1778.0,0.00739
1777.0,0.01139
1776.0,0.00490
1775.0,0.00507
1774.0,0.00000
1773.0,0.00000
1772.0,0.00000
1771.0,0.00000
1770.0,0.00484
1769.0,0.00000
1768.0,0.00000
1767.0,0.00000
1766.0,0.00000
1765.0,0.00045
1764.0,0.00000
1763.0,0.00000
1762.0,0.00943
1761.0,0.00000
1760.0,0.00000
1759.0,0.00000
1758.0,0.00599
1757.0,0.01051
1756.0,0.00166
1755.0,0.00000
1754.0,0.00000
1753.0,0.00532
1752.0,0.00000
1751.0,0.00726
1750.0,0.00708
1749.0,0.00035
1748.0,0.00323
1747.0,0.00375
1746.0,0.00777
1745.0,0.00000
1744.0,0.00591
1743.0,0.00000
1742.0,0.00000
1741.0,0.00051
1740.0,0.00000
1739.0,0.00000
1738.0,0.00000
1737.0,0.00000
1736.0,0.00726
1735.0,0.00981
1734.0,0.00325
1733.0,0.00593
1732.0,0.00000
1731.0,0.00000
1730.0,0.00141
1729.0,0.00000
1728.0,0.00000
1727.0,0.00049
1726.0,0.00000
1725.0,0.00000
1724.0,0.00193
1723.0,0.00000
1722.0,0.00511
1721.0,0.00000
1720.0,0.00000
1719.0,0.00064
1718.0,0.00000
1717.0,0.00000
1716.0,0.00000
1715.0,0.00375
1714.0,0.00323
1713.0,0.00643
1712.0,0.00000
1711.0,0.00000
1710.0,0.00000
1709.0,0.00086
1708.0,0.00000
1707.0,0.00000
1706.0,0.00391
1705.0,0.00089
1704.0,0.00000
1703.0,0.00667
1702.0,0.00498
1701.0,0.00000
1700.0,0.00416
1699.0,0.00000
1698.0,0.00563
1697.0,0.00000
1696.0,0.00000
1695.0,0.00000
1694.0,0.00000
1693.0,0.00096
1692.0,0.00088
1691.0,0.00018
1690.0,0.00000
1689.0,0.00000
1688.0,0.00046
1687.0,0.00000
1686.0,0.00122
1685.0,0.00565
1684.0,0.00137
1683.0,0.00000
1682.0,0.00000
1681.0,0.00000
1680.0,0.00000
1679.0,0.00000
1678.0,0.00000
1677.0,0.00594
1676.0,0.00000
1675.0,0.00478
1674.0,0.00000
1673.0,0.00036
1672.0,0.00000
1671.0,0.00231
1670.0,0.00413
1669.0,0.00120
1668.0,0.00000
1667.0,0.00000
1666.0,0.00830
1665.0,0.00000
1664.0,0.00000
1663.0,0.00733
1662.0,0.00544
1661.0,0.00267
1660.0,0.00000
1659.0,0.01177
1658.0,0.00196
1657.0,0.00273
1656.0,0.00000
1655.0,0.00000
1654.0,0.00000
1653.0,0.00203
1652.0,0.00196
1651.0,0.00000
1650.0,0.00000
1649.0,0.00000
1648.0,0.00000
1647.0,0.00000
1646.0,0.00449
1645.0,0.00576
1644.0,0.01415
1643.0,0.00439
1642.0,0.00000
1641.0,0.00000
1640.0,0.00000
1639.0,0.00000
1638.0,0.00000
1637.0,0.00484
1636.0,0.00306
1635.0,0.00294
1634.0,0.00107
1633.0,0.00330
1632.0,0.00724
1631.0,0.00000
1630.0,0.00000
1629.0,0.00000
1628.0,0.00809
1627.0,0.00648
1626.0,0.00376
1625.0,0.00000
1624.0,0.00086
1623.0,0.00000
1622.0,0.00040
1621.0,0.00000
1620.0,0.00260
1619.0,0.00000
1618.0,0.00427
1617.0,0.00121
1616.0,0.00000
1615.0,0.00000
1614.0,0.00000
1613.0,0.00407
1612.0,0.00000
1611.0,0.00147
1610.0,0.00000
1609.0,0.00000
1608.0,0.00453
1607.0,0.00000
1606.0,0.00340
1605.0,0.00210
1604.0,0.00000
1603.0,0.00000
1602.0,0.00000
1601.0,0.00000
1600.0,0.00000
1599.0,0.00370
1598.0,0.00000
1597.0,0.00193
1596.0,0.00000
1595.0,0.00153
1594.0,0.00000
1593.0,0.00000
1592.0,0.00291
1591.0,0.00023
1590.0,0.00000
1589.0,0.00000
1588.0,0.00084
1587.0,0.00172
1586.0,0.00000
1585.0,0.00000
1584.0,0.00271
1583.0,0.01241
1582.0,0.00000
1581.0,0.00168
1580.0,0.00189
1579.0,0.00000
1578.0,0.00062
1577.0,0.00000
1576.0,0.00692
1575.0,0.00000
1574.0,0.00000
1573.0,0.00000
1572.0,0.00083
1571.0,0.00000
1570.0,0.00000
1569.0,0.00000
1568.0,0.00000
1567.0,0.00388
1566.0,0.00985
1565.0,0.00353
1564.0,0.00136
1563.0,0.00592
1562.0,0.00510
1561.0,0.00832
1560.0,0.00541
1559.0,0.00000
1558.0,0.00129
1557.0,0.00090
1556.0,0.00151
1555.0,0.00100
1554.0,0.00000
1553.0,0.00000
1552.0,0.00000
1551.0,0.00000
1550.0,0.00034
1549.0,0.00002
1548.0,0.00000
1547.0,0.00344
1546.0,0.00433
1545.0,0.00048
1544.0,0.00834
1543.0,0.00936
1542.0,0.00000
1541.0,0.00518
1540.0,0.00220
1539.0,0.00209
1538.0,0.00467
1537.0,0.00000
1536.0,0.00000
1535.0,0.00000
1534.0,0.00000
1533.0,0.00000
1532.0,0.00000
1531.0,0.00000
1530.0,0.00289
1529.0,0.00000
1528.0,0.00191
1527.0,0.00000
1526.0,0.00000
1525.0,0.00000
1524.0,0.00016
1523.0,0.00000
1522.0,0.00467
1521.0,0.00000
1520.0,0.00009
1519.0,0.00007
1518.0,0.00354
1517.0,0.00000
1516.0,0.00561
1515.0,0.00230
1514.0,0.00077
1513.0,0.00021
1512.0,0.00260
1511.0,0.00508
1510.0,0.00473
1509.0,0.00188
1508.0,0.00438
1507.0,0.00059
1506.0,0.00626
1505.0,0.00000
1504.0,0.00000
1503.0,0.00669
1502.0,0.00054
1501.0,0.00000
1500.0,0.00000
1499.0,0.00000
1498.0,0.01050
1497.0,0.00249
1496.0,0.00000
1495.0,0.00273
1494.0,0.00000
1493.0,0.00958
1492.0,0.00000
1491.0,0.00000
1490.0,0.00033
1489.0,0.00000
1488.0,0.00000
1487.0,0.00000
1486.0,0.00213
1485.0,0.00837
1484.0,0.00000
1483.0,0.00586
1482.0,0.00000
1481.0,0.01175
1480.0,0.00218
1479.0,0.00000
1478.0,0.00554
1477.0,0.00265
1476.0,0.00000
1475.0,0.00362
1474.0,0.00000
1473.0,0.00000
1472.0,0.01054
1471.0,0.00000
1470.0,0.00000
1469.0,0.00345
1468.0,0.00000
1467.0,0.00000
1466.0,0.00390
1465.0,0.00677
1464.0,0.01376
1463.0,0.02430
1462.0,0.02306
1461.0,0.03623
1460.0,0.04674
1459.0,0.04986
1458.0,0.06930
1457.0,0.07729
1456.0,0.10157
1455.0,0.11250
1454.0,0.12324
1453.0,0.12755
1452.0,0.14336
1451.0,0.14433
1450.0,0.15353
1449.0,0.14757
1448.0,0.13872
1447.0,0.13888
1446.0,0.12676
1445.0,0.10726
1444.0,0.10206
1443.0,0.08051
1442.0,0.06661
1441.0,0.05590
1440.0,0.03997
1439.0,0.03155
1438.0,0.02463
1437.0,0.02634
1436.0,0.02090
1435.0,0.00808
1434.0,0.01445
1433.0,0.00404
1432.0,0.00467
1431.0,0.00617
1430.0,0.00254
1429.0,0.01273
1428.0,0.00160
1427.0,0.00000
1426.0,0.00665
1425.0,0.00000
1424.0,0.00000
1423.0,0.00000
1422.0,0.00501
1421.0,0.00410
1420.0,0.00400
1419.0,0.00489
1418.0,0.00846
1417.0,0.00000
1416.0,0.00469
1415.0,0.00000
1414.0,0.00000
1413.0,0.00528
1412.0,0.00196
1411.0,0.00000
1410.0,0.00181
1409.0,0.00000
1408.0,0.00000
1407.0,0.00217
1406.0,0.00000
1405.0,0.00000
1404.0,0.00000
1403.0,0.00885
1402.0,0.00000
1401.0,0.00111
1400.0,0.00305
1399.0,0.00320
1398.0,0.00000
1397.0,0.00000
1396.0,0.00070
1395.0,0.00400
1394.0,0.00000
1393.0,0.00000
1392.0,0.00501
1391.0,0.00553
1390.0,0.00185
1389.0,0.00000
1388.0,0.00203
1387.0,0.00055
1386.0,0.00419
1385.0,0.00000
1384.0,0.00058
1383.0,0.00000
1382.0,0.00000
1381.0,0.00108
1380.0,0.00017
1379.0,0.00000
1378.0,0.00198
1377.0,0.00000
1376.0,0.00000
1375.0,0.00216
1374.0,0.00142
1373.0,0.00538
1372.0,0.00000
1371.0,0.00000
1370.0,0.00120
1369.0,0.00228
1368.0,0.01060
1367.0,0.00308
1366.0,0.00000
1365.0,0.00403
1364.0,0.00000
1363.0,0.00000
1362.0,0.01305
1361.0,0.00163
1360.0,0.00357
1359.0,0.00282
1358.0,0.00906
1357.0,0.00142
1356.0,0.00609
1355.0,0.00000
1354.0,0.00000
1353.0,0.00713
1352.0,0.00737
1351.0,0.00255
1350.0,0.00113
1349.0,0.00083
1348.0,0.00000
1347.0,0.00769
1346.0,0.00329
1345.0,0.00253
1344.0,0.00188
1343.0,0.00524
1342.0,0.00253
1341.0,0.00373
1340.0,0.00000
1339.0,0.00255
1338.0,0.01094
1337.0,0.00000
1336.0,0.00000
1335.0,0.00446
1334.0,0.00479
1333.0,0.00312
1332.0,0.00000
1331.0,0.00251
1330.0,0.00000
1329.0,0.00000
1328.0,0.00274
1327.0,0.00000
1326.0,0.00405
1325.0,0.01574
1324.0,0.00389
1323.0,0.00361
1322.0,0.00000
1321.0,0.00000
1320.0,0.00000
1319.0,0.00000
1318.0,0.00000
1317.0,0.00000
1316.0,0.00000
1315.0,0.00000
1314.0,0.00000
1313.0,0.00000
1312.0,0.00227
1311.0,0.00030
1310.0,0.00513
1309.0,0.00522
1308.0,0.00000
1307.0,0.00335
1306.0,0.00000
1305.0,0.01142
1304.0,0.00598
1303.0,0.00000
1302.0,0.00000
1301.0,0.00190
1300.0,0.00000
1299.0,0.00000
1298.0,0.00374
1297.0,0.00038
1296.0,0.00000
1295.0,0.00475
1294.0,0.00000
1293.0,0.00142
1292.0,0.00000
1291.0,0.00000
1290.0,0.00232
1289.0,0.00000
1288.0,0.00951
1287.0,0.00000
1286.0,0.00995
1285.0,0.00000
1284.0,0.00303
1283.0,0.00000
1282.0,0.00000
1281.0,0.00080
1280.0,0.00339
1279.0,0.00000
1278.0,0.00592
1277.0,0.00000
1276.0,0.00066
1275.0,0.00190
1274.0,0.00297
1273.0,0.00000
1272.0,0.00809
1271.0,0.00281
1270.0,0.00000
1269.0,0.00000
1268.0,0.00000
1267.0,0.00000
1266.0,0.00272
1265.0,0.00000
1264.0,0.00000
1263.0,0.00000
1262.0,0.00782
1261.0,0.00000
1260.0,0.00000
1259.0,0.00675
1258.0,0.00231
1257.0,0.00022
1256.0,0.00000
1255.0,0.00000
1254.0,0.00000
1253.0,0.00000
1252.0,0.00000
1251.0,0.00178
1250.0,0.00276
1249.0,0.00111
1248.0,0.00110
1247.0,0.00000
1246.0,0.00000
1245.0,0.00000
1244.0,0.00000
1243.0,0.00000
1242.0,0.00000
1241.0,0.00000
1240.0,0.00000
1239.0,0.00000
1238.0,0.00058
1237.0,0.00000
1236.0,0.00249
1235.0,0.00000
1234.0,0.00000
1233.0,0.00020
1232.0,0.00941
1231.0,0.00000
1230.0,0.00583
1229.0,0.00689
1228.0,0.00749
1227.0,0.00000
1226.0,0.01008
1225.0,0.00058
1224.0,0.00000
1223.0,0.00000
1222.0,0.00301
1221.0,0.00026
1220.0,0.00000
1219.0,0.00642
1218.0,0.00000
1217.0,0.00000
1216.0,0.00397
1215.0,0.00352
1214.0,0.00547
1213.0,0.00000
1212.0,0.00541
1211.0,0.00241
1210.0,0.00881
1209.0,0.00000
1208.0,0.00109
1207.0,0.00000
1206.0,0.00000
1205.0,0.00000
1204.0,0.00564
1203.0,0.00000
1202.0,0.00000
1201.0,0.00434
1200.0,0.00494
1199.0,0.00493
1198.0,0.00000
1197.0,0.00000
1196.0,0.00515
1195.0,0.00000
1194.0,0.00000
1193.0,0.00414
1192.0,0.00781
1191.0,0.00000
1190.0,0.00000
1189.0,0.00000
1188.0,0.00000
1187.0,0.00000
1186.0,0.00308
1185.0,0.00000
1184.0,0.00000
1183.0,0.00077
1182.0,0.00000
1181.0,0.00000
1180.0,0.00000
1179.0,0.01340
1178.0,0.00408
1177.0,0.00000
1176.0,0.00000
1175.0,0.00000
1174.0,0.00000
1173.0,0.00000
1172.0,0.00000
1171.0,0.00442
1170.0,0.00000
1169.0,0.00000
1168.0,0.00000
1167.0,0.00000
1166.0,0.00000
1165.0,0.00000
1164.0,0.00567
1163.0,0.00000
1162.0,0.00530
1161.0,0.00129
1160.0,0.00000
1159.0,0.00000
1158.0,0.00000
1157.0,0.00371
1156.0,0.00699
1155.0,0.00103
1154.0,0.00381
1153.0,0.00000
1152.0,0.00000
1151.0,0.00000
1150.0,0.00487
1149.0,0.00171
1148.0,0.00000
1147.0,0.00000
1146.0,0.00278
1145.0,0.00162
1144.0,0.00000
1143.0,0.00858
1142.0,0.00129
1141.0,0.00005
1140.0,0.00739
1139.0,0.00512
1138.0,0.00000
1137.0,0.00268
1136.0,0.00000
1135.0,0.00000
1134.0,0.00000
1133.0,0.00610
1132.0,0.00000
1131.0,0.00341
1130.0,0.00000
1129.0,0.00000
1128.0,0.00000
1127.0,0.00133
1126.0,0.00306
1125.0,0.00886
1124.0,0.00179
1123.0,0.00441
1122.0,0.00000
1121.0,0.00357
1120.0,0.00077
1119.0,0.00000
1118.0,0.00000
1117.0,0.00000
1116.0,0.00096
1115.0,0.00201
1114.0,0.00000
1113.0,0.00000
1112.0,0.00374
1111.0,0.00000
1110.0,0.00000
1109.0,0.00776
1108.0,0.00000
1107.0,0.00000
1106.0,0.00344
1105.0,0.00000
1104.0,0.01299
1103.0,0.00000
1102.0,0.00718
1101.0,0.00779
1100.0,0.00459
1099.0,0.00000
1098.0,0.00180
1097.0,0.00000
1096.0,0.00408
1095.0,0.00000
1094.0,0.00000
1093.0,0.00508
1092.0,0.00000
1091.0,0.00000
1090.0,0.00111
1089.0,0.00000
1088.0,0.00640
1087.0,0.00251
1086.0,0.00000
1085.0,0.00129
1084.0,0.00000
1083.0,0.00000
1082.0,0.00411
1081.0,0.00138
1080.0,0.01128
1079.0,0.00486
1078.0,0.01571
1077.0,0.01356
1076.0,0.02172
1075.0,0.01916
1074.0,0.02465
1073.0,0.02771
1072.0,0.04376
1071.0,0.05416
1070.0,0.06993
1069.0,0.07700
1068.0,0.08438
1067.0,0.09604
1066.0,0.11435
1065.0,0.12884
1064.0,0.15401
1063.0,0.17008
1062.0,0.18057
1061.0,0.20117
1060.0,0.23142
1059.0,0.24588
1058.0,0.26232
1057.0,0.28754
1056.0,0.29639
1055.0,0.31185
1054.0,0.32371
1053.0,0.32649
1052.0,0.34816
1051.0,0.34241
1050.0,0.34716
1049.0,0.34473
1048.0,0.34748
1047.0,0.33596
1046.0,0.32609
1045.0,0.30486
1044.0,0.29790
1043.0,0.27423
1042.0,0.26502
1041.0,0.24617
1040.0,0.22450
1039.0,0.21482
1038.0,0.18739
1037.0,0.16834
1036.0,0.14740
1035.0,0.12802
1034.0,0.11723
1033.0,0.10260
1032.0,0.07662
1031.0,0.07582
1030.0,0.06190
1029.0,0.05427
1028.0,0.04321
1027.0,0.02726
1026.0,0.02131
1025.0,0.03099
1024.0,0.01870
1023.0,0.00670
1022.0,0.01254
1021.0,0.00658
1020.0,0.00000
1019.0,0.00000
1018.0,0.00000
1017.0,0.00415
1016.0,0.00183
1015.0,0.00028
1014.0,0.00254
1013.0,0.00381
1012.0,0.00000
1011.0,0.00000
1010.0,0.00000
1009.0,0.00000
1008.0,0.00000
1007.0,0.00000
1006.0,0.00000
1005.0,0.00000
1004.0,0.00000
1003.0,0.01010
1002.0,0.00000
1001.0,0.00000
1000.0,0.00138
999.0,0.00299
998.0,0.00232
997.0,0.00000
996.0,0.00499
995.0,0.00000
994.0,0.00000
993.0,0.00000
992.0,0.00000
991.0,0.00357
990.0,0.00312
989.0,0.00000
988.0,0.00466
987.0,0.00041
986.0,0.00448
985.0,0.00000
984.0,0.00000
983.0,0.00388
982.0,0.00000
981.0,0.00000
980.0,0.00000
979.0,0.00000
978.0,0.00000
977.0,0.00696
976.0,0.00000
975.0,0.00442
974.0,0.01148
973.0,0.00012
972.0,0.00000
971.0,0.00363
970.0,0.00914
969.0,0.00000
968.0,0.00044
967.0,0.00000
966.0,0.00280
965.0,0.00080
964.0,0.00330
963.0,0.00000
962.0,0.00025
961.0,0.00000
960.0,0.00000
959.0,0.00000
958.0,0.00000
957.0,0.00000
956.0,0.00785
955.0,0.00000
954.0,0.00000
953.0,0.00551
952.0,0.00000
951.0,0.00254
950.0,0.00000
949.0,0.00125
948.0,0.00086
947.0,0.00000
946.0,0.00020
945.0,0.01017
944.0,0.00000
943.0,0.00033
942.0,0.00217
941.0,0.00000
940.0,0.00000
939.0,0.01079
938.0,0.00000
937.0,0.01039
936.0,0.00268
935.0,0.00038
934.0,0.00238
933.0,0.00318
932.0,0.00590
931.0,0.00218
930.0,0.00072
929.0,0.00088
928.0,0.00676
927.0,0.00408
926.0,0.00000
925.0,0.00000
924.0,0.00165
923.0,0.00000
922.0,0.00000
921.0,0.00000
920.0,0.00000
919.0,0.00212
918.0,0.00498
917.0,0.00005
916.0,0.01037
915.0,0.00000
914.0,0.01597
913.0,0.00501
912.0,0.00248
911.0,0.00000
910.0,0.00000
909.0,0.00000
908.0,0.00089
907.0,0.00961
906.0,0.00000
905.0,0.00953
904.0,0.00000
903.0,0.00362
902.0,0.00000
901.0,0.00070
900.0,0.00000
899.0,0.00341
898.0,0.00046
897.0,0.00000
896.0,0.00473
895.0,0.00347
894.0,0.00298
893.0,0.00504
892.0,0.00550
891.0,0.00000
890.0,0.00000
889.0,0.00000
888.0,0.00675
887.0,0.00355
886.0,0.00051
885.0,0.00000
884.0,0.00016
883.0,0.00012
882.0,0.00000
881.0,0.00000
880.0,0.01082
879.0,0.00114
878.0,0.00000
877.0,0.00000
876.0,0.00000
875.0,0.00360
874.0,0.00379
873.0,0.00000
872.0,0.00026
871.0,0.00000
870.0,0.00000
869.0,0.00651
868.0,0.00186
867.0,0.01238
866.0,0.00000
865.0,0.00000
864.0,0.00441
863.0,0.00000
862.0,0.00000
861.0,0.00000
860.0,0.00050
859.0,0.00172
858.0,0.00000
857.0,0.00502
856.0,0.00496
855.0,0.00161
854.0,0.00013
853.0,0.00000
852.0,0.00276
851.0,0.00460
850.0,0.00030
849.0,0.00225
848.0,0.00000
847.0,0.00000
846.0,0.00000
845.0,0.00383
844.0,0.00224
843.0,0.00795
842.0,0.00028
841.0,0.00432
840.0,0.00662
839.0,0.00497
838.0,0.00000
837.0,0.00000
836.0,0.00065
835.0,0.00000
834.0,0.00237
833.0,0.00512
832.0,0.00000
831.0,0.00986
830.0,0.00000
829.0,0.00000
828.0,0.00000
827.0,0.00000
826.0,0.00209
825.0,0.00010
824.0,0.00831
823.0,0.00304
822.0,0.00269
821.0,0.00000
820.0,0.00000
819.0,0.00000
818.0,0.00000
817.0,0.00476
816.0,0.00000
815.0,0.00833
814.0,0.00368
813.0,0.00418
812.0,0.00115
811.0,0.00104
810.0,0.00327
809.0,0.00461
808.0,0.00000
807.0,0.00246
806.0,0.01311
805.0,0.00000
804.0,0.00000
803.0,0.00000
802.0,0.00000
801.0,0.00594
800.0,0.00030
799.0,0.00150
798.0,0.00922
797.0,0.01255
796.0,0.00000
795.0,0.00527
794.0,0.00312
793.0,0.00200
792.0,0.00240
791.0,0.00000
790.0,0.00796
789.0,0.00308
788.0,0.00174
787.0,0.00625
786.0,0.00450
785.0,0.00231
784.0,0.00165
783.0,0.00879
782.0,0.00256
781.0,0.00000
780.0,0.00000
779.0,0.00000
778.0,0.00000
777.0,0.00055
776.0,0.00130
775.0,0.00000
774.0,0.00011
773.0,0.00326
772.0,0.00085
771.0,0.00000
770.0,0.00636
769.0,0.00000
768.0,0.00000
767.0,0.00000
766.0,0.00000
765.0,0.00493
764.0,0.00584
763.0,0.00106
762.0,0.00000
761.0,0.00000
760.0,0.00000
759.0,0.00000
758.0,0.00000
757.0,0.00056
756.0,0.00323
755.0,0.00000
754.0,0.00231
753.0,0.00000
752.0,0.00000
751.0,0.00000
750.0,0.00579
749.0,0.00515
748.0,0.00000
747.0,0.00602
746.0,0.00000
745.0,0.00756
744.0,0.00242
743.0,0.00000
742.0,0.00398
741.0,0.00000
740.0,0.00000
739.0,0.00000
738.0,0.00129
737.0,0.00000
736.0,0.00000
735.0,0.00000
734.0,0.00719
733.0,0.00000
732.0,0.00000
731.0,0.00623
730.0,0.00711
729.0,0.00169
728.0,0.00000
727.0,0.00000
726.0,0.00306
725.0,0.00009
724.0,0.00777
723.0,0.00000
722.0,0.00339
721.0,0.00000
720.0,0.00662
719.0,0.00000
718.0,0.00515
717.0,0.00000
716.0,0.00000
715.0,0.00000
714.0,0.00000
713.0,0.00000
712.0,0.00600
711.0,0.00669
710.0,0.00137
709.0,0.00000
708.0,0.00000
707.0,0.00000
706.0,0.00727
705.0,0.00158
704.0,0.00245
703.0,0.00000
702.0,0.00000
701.0,0.00000
700.0,0.00000
699.0,0.00185
698.0,0.00048
697.0,0.00000
696.0,0.00000
695.0,0.00783
694.0,0.00000
693.0,0.00000
692.0,0.00000
691.0,0.00000
690.0,0.00000
689.0,0.00266
688.0,0.00866
687.0,0.00000
686.0,0.00000
685.0,0.00021
684.0,0.00000
683.0,0.00000
682.0,0.00000
681.0,0.00502
680.0,0.00000
679.0,0.00000
678.0,0.00000
677.0,0.00054
676.0,0.00000
675.0,0.00500
674.0,0.00000
673.0,0.00087
672.0,0.00000
671.0,0.00000
670.0,0.00000
669.0,0.00000
668.0,0.00096
667.0,0.00000
666.0,0.00000
665.0,0.00119
664.0,0.00263
663.0,0.00000
662.0,0.00845
661.0,0.00016
660.0,0.00000
659.0,0.00533
658.0,0.00035
657.0,0.00000
656.0,0.01097
655.0,0.00000
654.0,0.00000
653.0,0.00424
652.0,0.00000
651.0,0.00000
650.0,0.00193
649.0,0.01201
648.0,0.00000
647.0,0.00000
646.0,0.00329
645.0,0.00041
644.0,0.00000
643.0,0.00204
642.0,0.00054
641.0,0.00223
640.0,0.00566
639.0,0.00507
638.0,0.00204
637.0,0.00155
636.0,0.00000
635.0,0.00000
634.0,0.00110
633.0,0.00000
632.0,0.00049
631.0,0.00000
630.0,0.00767
629.0,0.01076
628.0,0.00000
627.0,0.00200
626.0,0.00000
625.0,0.00631
624.0,0.00217
623.0,0.00039
622.0,0.00000
621.0,0.00063
620.0,0.00000
619.0,0.00338
618.0,0.00000
617.0,0.00267
616.0,0.00065
615.0,0.00547
614.0,0.00000
613.0,0.00512
612.0,0.00000
611.0,0.00305
610.0,0.00000
609.0,0.00097
608.0,0.00036
607.0,0.00468
606.0,0.00000
605.0,0.00162
604.0,0.00000
603.0,0.00603
602.0,0.00000
601.0,0.00000
600.0,0.00000
599.0,0.00820
598.0,0.00000
597.0,0.00057
596.0,0.00000
595.0,0.00000
594.0,0.00000
593.0,0.00331
592.0,0.00000
591.0,0.00471
590.0,0.00000
589.0,0.00003
588.0,0.00000
587.0,0.00172
586.0,0.00949
585.0,0.00181
584.0,0.00097
583.0,0.00000
582.0,0.00000
581.0,0.00732
580.0,0.00000
579.0,0.00000
578.0,0.00000
577.0,0.00000
576.0,0.00978
575.0,0.00000
574.0,0.00181
573.0,0.00356
572.0,0.00000
571.0,0.00000
570.0,0.00216
569.0,0.00815
568.0,0.00000
567.0,0.00000
566.0,0.00486
565.0,0.00762
564.0,0.00000
563.0,0.00000
562.0,0.00726
561.0,0.00000
560.0,0.00562
559.0,0.00000
558.0,0.00000
557.0,0.00000
556.0,0.00737
555.0,0.00717
554.0,0.00000
553.0,0.00000
552.0,0.00889
551.0,0.00000
550.0,0.00000
549.0,0.00002
548.0,0.00000
547.0,0.00000
546.0,0.00000
545.0,0.00000
544.0,0.00000
543.0,0.00167
542.0,0.00000
541.0,0.00000
540.0,0.00000
539.0,0.00653
538.0,0.00187
537.0,0.00000
536.0,0.00268
535.0,0.00203
534.0,0.00544
533.0,0.00253
532.0,0.00897
531.0,0.00672
530.0,0.00000
529.0,0.00000
528.0,0.00441
527.0,0.00258
526.0,0.00000
525.0,0.00000
524.0,0.00000
523.0,0.00174
522.0,0.00385
521.0,0.00402
520.0,0.00000
519.0,0.00519
518.0,0.00000
517.0,0.00194
516.0,0.00208
515.0,0.00000
514.0,0.00000
513.0,0.00000
512.0,0.00000
511.0,0.00000
510.0,0.00219
509.0,0.00031
508.0,0.00457
507.0,0.00178
506.0,0.00000
505.0,0.00173
504.0,0.00000
503.0,0.00305
502.0,0.00158
501.0,0.00000
500.0,0.00001
499.0,0.00028
498.0,0.00000
497.0,0.00447
496.0,0.00857
495.0,0.00000
494.0,0.00000
493.0,0.00000
492.0,0.00000
491.0,0.00000
490.0,0.00000
489.0,0.00144
488.0,0.00296
487.0,0.00000
486.0,0.00000
485.0,0.00000
484.0,0.00381
483.0,0.00000
482.0,0.00000
481.0,0.00976
480.0,0.00026
479.0,0.00234
478.0,0.00000
477.0,0.00000
476.0,0.00000
475.0,0.00203
474.0,0.00000
473.0,0.00171
472.0,0.00622
471.0,0.00535
470.0,0.00000
469.0,0.00000
468.0,0.00000
467.0,0.00536
466.0,0.00305
465.0,0.00352
464.0,0.00000
463.0,0.00000
462.0,0.00038
461.0,0.00050
460.0,0.00000
459.0,0.00071
458.0,0.00322
457.0,0.00114
456.0,0.00000
455.0,0.00000
454.0,0.00000
453.0,0.00082
452.0,0.00000
451.0,0.00000
450.0,0.00000
449.0,0.00358
448.0,0.00000
447.0,0.00062
446.0,0.00000
445.0,0.00000
444.0,0.00082
443.0,0.00000
442.0,0.00000
441.0,0.00000
440.0,0.00600
439.0,0.00095
438.0,0.00730
437.0,0.00000
436.0,0.00000
435.0,0.00000
434.0,0.00000
433.0,0.00718
432.0,0.00164
431.0,0.00367
430.0,0.00353
429.0,0.00000
428.0,0.00000
427.0,0.00060
426.0,0.00336
425.0,0.00229
424.0,0.00246
423.0,0.00077
422.0,0.00000
421.0,0.00000
420.0,0.00000
419.0,0.00502
418.0,0.00000
417.0,0.00000
416.0,0.01194
415.0,0.00000
414.0,0.00000
413.0,0.00000
412.0,0.00645
411.0,0.00000
410.0,0.00307
409.0,0.00050
408.0,0.00000
407.0,0.01575
406.0,0.00036
405.0,0.00000
404.0,0.00000
403.0,0.00190
402.0,0.00205
401.0,0.00386
400.0,0.00071
